Strategy,EV_Energy_kWh,Total_Energy_kWh,Peak_Load_kW,Evening_Peak_Load_kW,SOC_Min_percent,SOC_Max_percent
EV-S1 到家即充,2411.7892282541,9551.14602190665,10.4989191112185,10.4989191112185,35.7137944164641,100
EV-S2 谷时延迟,2380,9519.35679365255,8.80565265473217,3.49891911121853,20.84,82.5402128980632
EV-S3 光伏富余优先,2368.73005327412,9508.08684692667,8.80565265473217,7.88268112317677,20.84,100
